


INSERT INTO area_geografica (nombre_reserva, extension, altitud_nivel_bajo, altitud_nivel_alto, profundidad, esAcuatica, esTerrestre) VALUES 
('Parque Nacional Doñana', 54252, 0, 40, NULL, FALSE, TRUE),
('Reserva Marina Cabo de Palos', 1898, NULL, NULL, 68, TRUE, FALSE),
('Parque Nacional Sierra Nevada', 85883, 800, 3479, NULL, FALSE, TRUE),
('Parque Nacional Marítimo-Terrestre Islas Atlánticas', 8480, 0, 200, 45, TRUE, TRUE);


INSERT INTO pais (nombre, area) VALUES 
('España', 'Parque Nacional Doñana'),
('España', 'Reserva Marina Cabo de Palos'),
('España', 'Parque Nacional Sierra Nevada'),
('España', 'Parque Nacional Marítimo-Terrestre Islas Atlánticas');


INSERT INTO taxones (nombre, tipo, taxon_superior) VALUES
('Bacteria', 'Dominio', NULL),
('Archaea', 'Dominio', NULL),
('Eukarya', 'Dominio', NULL),
('Animalia', 'Reino', 'Eukarya'),
('Plantae', 'Reino', 'Eukarya'),
('Fungi', 'Reino', 'Eukarya'),
('Protista', 'Reino', 'Eukarya'),
('Chordata', 'Filo', 'Animalia'),
('Arthropoda', 'Filo', 'Animalia'),
('Mollusca', 'Filo', 'Animalia'),
('Echinodermata', 'Filo', 'Animalia'),
('Annelida', 'Filo', 'Animalia'),
('Nematoda', 'Filo', 'Animalia'),
('Cnidaria', 'Filo', 'Animalia'),
('Porifera', 'Filo', 'Animalia'),
('Platyhelminthes', 'Filo', 'Animalia'),
('Magnoliophyta', 'División', 'Plantae'),
('Pinophyta', 'División', 'Plantae'),
('Pteridophyta', 'División', 'Plantae'),
('Bryophyta', 'División', 'Plantae'),
('Cycadophyta', 'División', 'Plantae'),
('Ginkgophyta', 'División', 'Plantae'),
('Ascomycota', 'Filo', 'Fungi'),
('Basidiomycota', 'Filo', 'Fungi'),
('Zygomycota', 'Filo', 'Fungi'),
('Chytridiomycota', 'Filo', 'Fungi'),
('Glomeromycota', 'Filo', 'Fungi'),
('Euglenozoa', 'Filo', 'Protista'),
('Amoebozoa', 'Filo', 'Protista'),
('Apicomplexa', 'Filo', 'Protista'),
('Ciliophora', 'Filo', 'Protista'),
('Proteobacteria', 'Filo', 'Bacteria'),
('Firmicutes', 'Filo', 'Bacteria'),
('Actinobacteria', 'Filo', 'Bacteria'),
('Cyanobacteria', 'Filo', 'Bacteria'),
('Euryarchaeota', 'Filo', 'Archaea'),
('Crenarchaeota', 'Filo', 'Archaea'),
('Thaumarchaeota', 'Filo', 'Archaea'),
('Mammalia', 'Clase', 'Chordata'),
('Aves', 'Clase', 'Chordata'),
('Reptilia', 'Clase', 'Chordata'),
('Amphibia', 'Clase', 'Chordata'),
('Actinopterygii', 'Clase', 'Chordata'),
('Chondrichthyes', 'Clase', 'Chordata'),
('Insecta', 'Clase', 'Arthropoda'),
('Arachnida', 'Clase', 'Arthropoda'),
('Crustacea', 'Clase', 'Arthropoda'),
('Chilopoda', 'Clase', 'Arthropoda'),
('Diplopoda', 'Clase', 'Arthropoda'),
('Gastropoda', 'Clase', 'Mollusca'),
('Bivalvia', 'Clase', 'Mollusca'),
('Cephalopoda', 'Clase', 'Mollusca'),
('Magnoliopsida', 'Clase', 'Magnoliophyta'),
('Liliopsida', 'Clase', 'Magnoliophyta'),
('Pinopsida', 'Clase', 'Pinophyta'),
('Saccharomycetes', 'Clase', 'Ascomycota'),
('Pezizomycetes', 'Clase', 'Ascomycota'),
('Agaricomycetes', 'Clase', 'Basidiomycota'),
('Tremellomycetes', 'Clase', 'Basidiomycota'),
('Alphaproteobacteria', 'Clase', 'Proteobacteria'),
('Betaproteobacteria', 'Clase', 'Proteobacteria'),
('Gammaproteobacteria', 'Clase', 'Proteobacteria'),
('Deltaproteobacteria', 'Clase', 'Proteobacteria'),
('Bacilli', 'Clase', 'Firmicutes'),
('Clostridia', 'Clase', 'Firmicutes'),
('Primates', 'Orden', 'Mammalia'),
('Carnivora', 'Orden', 'Mammalia'),
('Artiodactyla', 'Orden', 'Mammalia'),
('Perissodactyla', 'Orden', 'Mammalia'),
('Proboscidea', 'Orden', 'Mammalia'),
('Rodentia', 'Orden', 'Mammalia'),
('Cetacea', 'Orden', 'Mammalia'),
('Galliformes', 'Orden', 'Aves'),
('Accipitriformes', 'Orden', 'Aves'),
('Sphenisciformes', 'Orden', 'Aves'),
('Columbiformes', 'Orden', 'Aves'),
('Psittaciformes', 'Orden', 'Aves'),
('Crocodilia', 'Orden', 'Reptilia'),
('Squamata', 'Orden', 'Reptilia'),
('Testudines', 'Orden', 'Reptilia'),
('Anura', 'Orden', 'Amphibia'),
('Caudata', 'Orden', 'Amphibia'),
('Salmoniformes', 'Orden', 'Actinopterygii'),
('Perciformes', 'Orden', 'Actinopterygii'),
('Lepidoptera', 'Orden', 'Insecta'),
('Hymenoptera', 'Orden', 'Insecta'),
('Hominidae', 'Familia', 'Primates'),
('Canidae', 'Familia', 'Carnivora'),
('Felidae', 'Familia', 'Carnivora'),
('Ursidae', 'Familia', 'Carnivora'),
('Bovidae', 'Familia', 'Artiodactyla'),
('Suidae', 'Familia', 'Artiodactyla'),
('Equidae', 'Familia', 'Perissodactyla'),
('Elephantidae', 'Familia', 'Proboscidea'),
('Muridae', 'Familia', 'Rodentia'),
('Sciuridae', 'Familia', 'Rodentia'),
('Delphinidae', 'Familia', 'Cetacea'),
('Phasianidae', 'Familia', 'Galliformes'),
('Accipitridae', 'Familia', 'Accipitriformes'),
('Spheniscidae', 'Familia', 'Sphenisciformes'),
('Columbidae', 'Familia', 'Columbiformes'),
('Psittacidae', 'Familia', 'Psittaciformes'),
('Crocodylidae', 'Familia', 'Crocodilia'),
('Pythonidae', 'Familia', 'Squamata'),
('Colubridae', 'Familia', 'Squamata'),
('Cheloniidae', 'Familia', 'Testudines'),
('Ranidae', 'Familia', 'Anura'),
('Ambystomatidae', 'Familia', 'Caudata'),
('Salmonidae', 'Familia', 'Salmoniformes'),
('Scombridae', 'Familia', 'Perciformes'),
('Nymphalidae', 'Familia', 'Lepidoptera'),
('Apidae', 'Familia', 'Hymenoptera'),
('Formicidae', 'Familia', 'Hymenoptera'),
('Homo', 'Género', 'Hominidae'),
('Canis', 'Género', 'Canidae'),
('Vulpes', 'Género', 'Canidae'),
('Felis', 'Género', 'Felidae'),
('Panthera', 'Género', 'Felidae'),
('Ursus', 'Género', 'Ursidae'),
('Bos', 'Género', 'Bovidae'),
('Ovis', 'Género', 'Bovidae'),
('Sus', 'Género', 'Suidae'),
('Equus', 'Género', 'Equidae'),
('Loxodonta', 'Género', 'Elephantidae'),
('Elephas', 'Género', 'Elephantidae'),
('Mus', 'Género', 'Muridae'),
('Rattus', 'Género', 'Muridae'),
('Sciurus', 'Género', 'Sciuridae'),
('Tursiops', 'Género', 'Delphinidae'),
('Delphinus', 'Género', 'Delphinidae'),
('Gallus', 'Género', 'Phasianidae'),
('Haliaeetus', 'Género', 'Accipitridae'),
('Spheniscus', 'Género', 'Spheniscidae'),
('Columba', 'Género', 'Columbidae'),
('Psittacus', 'Género', 'Psittacidae'),
('Crocodylus', 'Género', 'Crocodylidae'),
('Python', 'Género', 'Pythonidae'),
('Chelonia', 'Género', 'Cheloniidae'),
('Lithobates', 'Género', 'Ranidae'),
('Ambystoma', 'Género', 'Ambystomatidae'),
('Salmo', 'Género', 'Salmonidae'),
('Thunnus', 'Género', 'Scombridae'),
('Danaus', 'Género', 'Nymphalidae'),
('Apis', 'Género', 'Apidae'),
('Formica', 'Género', 'Formicidae'),
('Homo sapiens', 'Especie', 'Homo'),
('Canis lupus familiaris', 'Especie', 'Canis'),
('Canis lupus', 'Especie', 'Canis'),
('Vulpes vulpes', 'Especie', 'Vulpes'),
('Felis catus', 'Especie', 'Felis'),
('Panthera leo', 'Especie', 'Panthera'),
('Panthera tigris', 'Especie', 'Panthera'),
('Panthera onca', 'Especie', 'Panthera'),
('Ursus arctos', 'Especie', 'Ursus'),
('Ursus maritimus', 'Especie', 'Ursus'),
('Bos taurus', 'Especie', 'Bos'),
('Ovis aries', 'Especie', 'Ovis'),
('Sus scrofa domesticus', 'Especie', 'Sus'),
('Equus caballus', 'Especie', 'Equus'),
('Equus asinus', 'Especie', 'Equus'),
('Loxodonta africana', 'Especie', 'Loxodonta'),
('Elephas maximus', 'Especie', 'Elephas'),
('Mus musculus', 'Especie', 'Mus'),
('Rattus norvegicus', 'Especie', 'Rattus'),
('Sciurus vulgaris', 'Especie', 'Sciurus'),
('Tursiops truncatus', 'Especie', 'Tursiops'),
('Delphinus delphis', 'Especie', 'Delphinus'),
('Gallus gallus domesticus', 'Especie', 'Gallus'),
('Haliaeetus leucocephalus', 'Especie', 'Haliaeetus'),
('Spheniscus demersus', 'Especie', 'Spheniscus'),
('Columba livia', 'Especie', 'Columba'),
('Psittacus erithacus', 'Especie', 'Psittacus'),
('Crocodylus niloticus', 'Especie', 'Crocodylus'),
('Crocodylus porosus', 'Especie', 'Crocodylus'),
('Python regius', 'Especie', 'Python'),
('Python molurus', 'Especie', 'Python'),
('Chelonia mydas', 'Especie', 'Chelonia'),
('Lithobates catesbeianus', 'Especie', 'Lithobates'),
('Ambystoma tigrinum', 'Especie', 'Ambystoma'),
('Salmo salar', 'Especie', 'Salmo'),
('Salmo trutta', 'Especie', 'Salmo'),
('Thunnus thynnus', 'Especie', 'Thunnus'),
('Danaus plexippus', 'Especie', 'Danaus'),
('Apis mellifera', 'Especie', 'Apis'),
('Formica rufa', 'Especie', 'Formica');


INSERT INTO especies (nombre_cientifico, nombre_comun, descripcion, area_geografica, nombre_taxon) VALUES 
('Lynx pardinus', 'Lince ibérico', 'Felino en peligro de extinción endémico de la península ibérica', 'Parque Nacional Doñana', 'Mammalia'),
('Aquila adalberti', 'Águila imperial ibérica', 'Ave rapaz endémica de la península ibérica', 'Parque Nacional Doñana', 'Aves'),
('Muraena helena', 'Morena', 'Pez anguiliforme del Mediterráneo', 'Reserva Marina Cabo de Palos', 'Actinopterygii'),
('Capra pyrenaica', 'Cabra montés', 'Ungulado endémico de la península ibérica', 'Parque Nacional Sierra Nevada', 'Mammalia'),
('Posidonia oceanica', 'Posidonia', 'Planta acuática endémica del Mediterráneo', 'Reserva Marina Cabo de Palos', 'Liliopsida');


INSERT INTO ejemplar (id, nombre_cientifico_especie, mote, edad) VALUES 
(1, 'Lynx pardinus', 'Félix', 5),
(2, 'Lynx pardinus', 'Luna', 3),
(1, 'Aquila adalberti', 'Reina', 8),
(1, 'Capra pyrenaica', 'Montés', 6),
(2, 'Capra pyrenaica', 'Sierra', 4);


INSERT INTO trabajadores (dni, nombre, sueldo, horas,nombre_reserva) VALUES 
('11111111A', 'Pepe', 1250.00, 40,'Parque Nacional Doñana');


INSERT INTO misiones (dni_trabajador, nombre_cientifico_especie, fecha_inicio, fecha_fin, descripcion) VALUES 
('11111111A', 'Lynx pardinus', '2024-03-15', '2024-05-30', 'Monitoreo de población de lince ibérico'),
('11111111A', 'Capra pyrenaica', '2024-06-01', NULL, 'Censo de cabra montés en Sierra Nevada');


INSERT INTO empresa_distribuidora(nombre, pais_nombre, pais_area) VALUES
('Alimentos Naturales S.A.', 'España', 'Parque Nacional Doñana'),
('Distribuciones Globales S.L.', 'España', 'Reserva Marina Cabo de Palos');

INSERT INTO alimento (id, tipo, nombre,distribuidor) VALUES
(1, 'Carne', 'Carne de res', 'Alimentos Naturales S.A.'),
(2, 'Vegetal', 'Zanahorias', 'Distribuciones Globales S.L.'),
(3, 'Pienso', 'Pienso para carnívoros', 'Alimentos Naturales S.A.');

INSERT INTO consumirAlimentos (id_especie, nombre_especie, id_alimento, cantidad, frecuencia) VALUES
(1, 'Lynx pardinus', 2, 300, 3),
(2, 'Lynx pardinus', 1, 500, 2),
(1, 'Aquila adalberti', 3, 600, 2);

INSERT INTO clinica_medica (nombre, ubicacion, num_empleados) VALUES
('Centro Veterinario Doñana', 'Parque Nacional Doñana', 5),
('Clínica Sierra Vet', 'Parque Nacional Sierra Nevada', 3),
('Islas Atlánticas Salud Animal', 'Parque Nacional Marítimo-Terrestre Islas Atlánticas', 4);

INSERT INTO revisar (clinica, ejemplar, especie_asociada, fecha_revision, informe) VALUES
('Centro Veterinario Doñana', 1, 'Lynx pardinus', '2024-01-10', 'Buen estado de salud.'),
('Clínica Sierra Vet', 2, 'Lynx pardinus', '2024-02-20', 'Leve deshidratación tratada.'),
('Islas Atlánticas Salud Animal', 2, 'Capra pyrenaica', '2024-03-15', 'Lesión en la pata, en recuperación.');



